id,name
10651,"가벨"
10654,"가비"
10660,"가인"
18554,"가도"
19944,"가미"
35075,"가델"
140155,"가또"
147153,"가나"
148784,"가쯔"
155028,"가바"
158464,"가민"
175982,"가든"
178710,"가데"
187620,"가락"
189831,"가버"
199984,"가십"
202529,"가스"
208035,"가포"
213005,"가온"
217432,"가원"
240126,"가팡"
250165,"가츠"
257166,"가울"
257925,"가디"
258911,"가베"
351364,"가히"
998596,"가보"
1261772,"가섭"
2654492,"가농"
2694892,"가림"
2782992,"가로"
3484192,"가능"
3564992,"가티"
3736592,"가타"
4514491,"가쉬"
4530891,"가공"
1334,"가파치"
10647,"가네보"
11039,"가보로"
16575,"가몬트"
17754,"가이거"
20390,"가와이"
30303,"가이암"
30308,"가마고"
30309,"가네쉬"
30319,"가버린"
38707,"가찌아"
106100,"가디스"
127318,"가네사"
140294,"가구야"
140367,"가구지"
144373,"가미안"
144590,"가이저"
144878,"가루비"
147907,"가디언"
148634,"가그린"
151708,"가구셀"
151981,"가이모"
152464,"가루다"
176735,"가비오"
181369,"가빅스"
182343,"가마끼"
183727,"가솔린"
185960,"가비엘"
186808,"가넷힐"
199482,"가온애"
201621,"가제보"
202584,"가렛트"
207200,"가토7"
210205,"가네시"
213693,"가드맨"
213867,"가누다"
214720,"가구니"
214935,"가바니"
220224,"가스코"
233876,"가오지"
239189,"가나연"
239646,"가니송"
240100,"가담다"
240131,"가시안"
242494,"가오몬"
243538,"가데아"
243611,"가드미"
244304,"가루랑"
244471,"가리미"
245144,"가디앙"
246913,"가즈다"
248454,"가인공"
249242,"가든팜"
249432,"가우런"
249709,"가구온"
250305,"가르착"
251102,"가이온"
252821,"가치메"
253067,"가제트"
255075,"가데나"
255240,"가오쿠"
257547,"가구쇼"
258894,"가벵양"
269900,"가네텍"
671002,"가수정"
776096,"가비즈"
797396,"가연리"
893696,"가우스"
1021396,"가든쿡"
1147896,"가지소"
1149296,"가제만"
1195796,"가우쵸"
1210196,"가마스"
1242234,"가영심"
1247671,"가온비"
1251944,"가재환"
1252411,"가우리"
1263110,"가금현"
1374196,"가르강"
1399296,"가마라"
1536596,"가의원"
1651128,"가화원"
1660628,"가이랑"
1700728,"가스맨"
1905293,"가치솝"
1919192,"가텍스"
1939192,"가온팩"
2016593,"가이샤"
2164095,"가이두"
2351592,"가르르"
2505192,"가꾸기"
2506092,"가우디"
2644892,"가티스"
2679492,"가마바"
2993492,"가든잇"
3061692,"가디힐"
3551492,"가디브"
3616892,"가스모"
3632392,"가나지"
4029792,"가스프"
4120692,"가필드"
4329191,"가오니"
4464091,"가구본"
4615291,"가로텍"
4759491,"가드너"
4783791,"가드니"
4815991,"가인수"
33286,"가르니에"
252630,"가드브이"
15550,"까띠노"
120937,"카토지"
202517,"까르벵"
206108,"갸스비"
236806,"카고메"
237286,"카메야"
28610,"GAIA"
1335,"GACHI"
198951,"GANNI"
3818192,"GARBURCH"
16975,"대경"
128734,"대웅"
137718,"대한"
139082,"대화"
148661,"대운"
149273,"대승"
149970,"대맥"
151156,"대원"
182593,"대신"
183209,"대너"
199315,"대림"
202031,"대치"
204811,"대철"
205518,"대주"
214159,"대산"
239698,"대저"
260118,"대유"
551664,"대우"
555864,"대건"
1246788,"대안"
1248625,"대행"
1261275,"대해"
3178292,"대궐"
3353693,"대라"
3354392,"대교"
3533292,"대풍"
3823692,"대광"
16253,"대장금"
20913,"대도춘"
137675,"대림선"
138789,"대천김"
141184,"대웅산"
158215,"대가야"
203797,"대원경"
208730,"대드릭"
209454,"대니얼"
227674,"대익차"
249524,"대디홈"
255515,"대한몰"
255765,"대퍼댄"
1243158,"대니 서"
1247595,"대런 섄"
1247955,"대천덕"
1553697,"대한당"
2371794,"대옹단"
2486692,"대운찬"
2564992,"대가방"
3271393,"대웅펫"
3807692,"대중소"
11072,"데무"
11074,"데뷰"
11086,"데코"
20931,"데톨"
119505,"데논"
4543391,"데누"
11069,"데마치"
11073,"데미안"
11077,"데시데"
11081,"데이셀"
11089,"데코인"
15415,"데코로"
29881,"데스모"
136246,"데상트"
142442,"데코룸"
149259,"데이텀"
150497,"데니즌"
180662,"데버스"
180976,"데리얀"
184635,"데미리"
202299,"데이트"
215970,"데코원"
255047,"데드풀"
1255935,"데이브"
4289794,"데이그"
4295692,"데스텍"
4447391,"데이웰"
155021,"DASH"
11068,"DECOR"
194558,"DEMON"
202020,"DEKKER"
1143,"래몽"
181492,"래식"
210554,"래쉬"
1255152,"래피"
4593491,"래시"
32990,"래들리"
108205,"래미덤"
184471,"래스헴"
209509,"래안텍"
222286,"래쉬팝"
225332,"래쉬톡"
256766,"래미즈"
257608,"래드손"
1246590,"래리 킹"
1429796,"래코드"
1878292,"래쉬업"
2831192,"래시플"
3458693,"래디웰"
4249392,"래피젠"
4464991,"래빗캠"
4498092,"래피즈"
4513691,"래스큐"
4589491,"래피들"
1135,"레고"
11344,"레벨"
11345,"레뷔"
11370,"레키"
16092,"레벤"
22823,"레비"
24201,"레포"
25057,"레스"
36037,"레암"
38872,"레삐"
120600,"레가"
175027,"레토"
202601,"레브"
208201,"레커"
3238892,"레지"
3380192,"레투"
1132,"레노마"
11333,"레더맨"
11342,"레반떼"
11343,"레베카"
11347,"레브론"
11350,"레세나"
11359,"RAY"
11361,"레이브"
11368,"레쥬메"
16211,"레피아"
22492,"레쉬트"
26173,"레이나"
32065,"레이첼"
34617,"레일라"
35126,"레이쿡"
35240,"레이모"
36400,"레모나"
37341,"레띠에"
104801,"레이캅"
123039,"레복스"
133526,"랙앤본"
134379,"레이카"
134661,"레드맨"
135826,"레저맨"
135961,"레진느"
136001,"레드캣"
138180,"레독스"
144707,"레전드"
148391,"레노덤"
149864,"레이퀸"
157947,"레노버"
174766,"레퓨레"
177301,"레즈락"
177448,"레돈도"
180711,"레펙스"
182132,"라피드"
185469,"레어드"
188412,"레실라"
190126,"레이든"
198426,"레이밴"
199434,"레코뱅"
200770,"레구노"
202451,"레페토"
202490,"레인저"
202707,"레인스"
203784,"레빌론"
204281,"레코브"
205317,"레브윅"
207652,"레델레"
208817,"레이앙"
216893,"레밍턴"
217911,"레디알"
233227,"레데커"
235321,"레비톨"
247518,"레오나"
251674,"레디큐"
436264,"레나펫"
1455396,"레시피"
2309792,"레비덤"
2763492,"레이스"
2785992,"레지나"
3591192,"레임블"
3645692,"레드빗"
3822692,"레드썬"
4291692,"레터리"
4313792,"레가메"
4382591,"레이캠"
179526,"LEZZAC"
1185,"두기"
11128,"두눈"
11129,"두두"
16583,"두리"
29922,"두닷"
144187,"두원"
147093,"두일"
151970,"두루"
179476,"두영"
182362,"두랑"
182973,"두나"
183140,"두무"
199485,"두성"
203120,"두누"
204315,"두지"
205261,"두노"
209403,"두키"
209911,"두코"
226101,"두왑"
229664,"두끼"
243600,"두민"
245766,"두심"
250296,"두산"
257544,"두다"
258191,"두크"
381864,"두즈"
1244186,"두보"
1245973,"두봉"
1259553,"두엽"
1263116,"두순"
1503196,"두붐"
1677528,"두팜"
1886792,"두문"
1974792,"두디"
3457492,"두찜"
3619092,"두진"
3709792,"두칸"
4182292,"두쿠"
4288092,"두렙"
1184,"두드림"
123324,"두그로"
137637,"두미나"
144564,"두리펀"
144701,"두보레"
148364,"두레원"
150009,"두돌스"
152306,"두리코"
156031,"두카티"
176046,"두바보"
199340,"두레촌"
209947,"두엔데"
226776,"두루원"
231601,"두아이"
231621,"두리프"
232543,"두메촌"
233807,"두보니"
236007,"두바코"
237368,"두칼라"
251055,"두잉썸"
253700,"두란노"
257552,"두피쿨"
260269,"두버디"
260374,"두보원"
525364,"두베쿡"
565396,"두꺼비"
653896,"두피부"
757696,"두들잇"
951296,"두바콩"
1087996,"두그루"
1096397,"두마딴"
1243629,"두상달"
1247931,"두재균"
1253710,"두형호"
1259001,"두영택"
1260000,"두진문"
1494297,"두노함"
1569996,"두다닥"
2074392,"두브로"
2089892,"두릭스"
2151092,"두시백"
2424492,"두메향"
2493192,"두들릿"
2585692,"두류헌"
3047492,"두배러"
3386392,"두리반"
4165492,"두유당"
4468191,"두스룬"
4471991,"두발로"
4502791,"두잉왓"
23277,"드볼"
199489,"듀드"
1179,"듀오백"
29978,"듀랑고"
144866,"듀플로"
234995,"더치스"
2704492,"DUIT"
1083397,"donot"
248349,"LU"
1071,"루피"
1076,"루츠"
11465,"루온"
11479,"루타"
25163,"루나"
26352,"루딕"
26482,"루티"
32228,"루엘"
36625,"루화"
37639,"루펜"
39199,"루칸"
125901,"루움"
131237,"루거"
132940,"루록"
135562,"루루"
136003,"루씨"
140137,"루아"
153071,"루투"
153576,"루벤"
154949,"루릭"
155184,"루멘"
155765,"루핀"
157948,"루젠"
178299,"루셀"
182327,"루펠"
182581,"루븐"
188932,"루틴"
199011,"루유"
200609,"루즈"
203941,"루첸"
207548,"루힉"
207887,"루켄"
212587,"루솔"
214552,"루앱"
214796,"루커"
228592,"루맘"
230074,"루인"
232046,"루센"
238232,"루토"
246932,"루만"
248576,"루쿠"
250474,"루엠"
250580,"루밋"
253758,"루튼"
256107,"루네"
257573,"루므"
258411,"루텐"
307032,"루전"
781696,"루보"
814396,"루와"
843196,"루이"
1007196,"루템"
1192101,"루넷"
1241199,"루쉰"
1435296,"루톤"
1489496,"루크"
1687928,"루메"
1798460,"루꼬"
1880792,"루킨"
2177193,"루게"
2436492,"루밍"
2718092,"루따"
2908092,"루삼"
3110792,"루빛"
3128693,"루델"
3203792,"루덱"
3330392,"루비"
3425192,"루빈"
3540492,"루퍼"
4111693,"루맥"
4195593,"루디"
4306592,"루텀"
4593691,"루니"
4597091,"루업"
4645992,"루케"
4734691,"루로"
4900691,"루홈"
1072,"루키나"
1073,"루카스"
1085,"루비치"
1089,"루미낙"
11447,"루니툰"
11450,"루디스"
11456,"루믹스"
11458,"루비나"
11459,"루비셀"
11461,"루시드"
11471,"루이첼"
11477,"루컴즈"
15663,"루파프"
24331,"루이셀"
31197,"루이독"
32231,"루스티"
34628,"루헨스"
35699,"루빈스"
36485,"루체른"
119419,"루빅스"
134935,"루마카"
138440,"루치카"
138548,"루트론"
139208,"루벨리"
141847,"루미엘"
145914,"루미나"
146015,"루첸리"
146871,"루피아"
147839,"루나스"
150786,"루이지"
151842,"루믹실"
156557,"루나솔"
174311,"루시앤"
174755,"루닉스"
177973,"루나비"
179644,"루주와"
180561,"루녹스"
181314,"루아인"
181643,"루미앤"
182825,"루바니"
185692,"루헤나"
190035,"루벤스"
194194,"루바인"
200164,"루나틱"
200374,"루비암"
201342,"루아나"
201879,"루비노"
201904,"루달튼"
203916,"루메네"
204403,"루미아"
204674,"루블랑"
204951,"루카랩"
205376,"루베베"
205825,"루드삭"
208908,"루다벳"
209212,"루이드"
209322,"루이엘"
209976,"루파즈"
212207,"루아우"
213558,"루체스"
213621,"루루룬"
213891,"루루슈"
214628,"루이트"
214951,"루바스"
215840,"루미씨"
218541,"루시코"
219060,"루아스"
219117,"루데아"
220928,"루트리"
222535,"루이본"
222867,"루오끼"
224562,"루치온"
225161,"루스코"
228741,"루키루"
229334,"루젠다"
229835,"루카페"
230080,"루이송"
230252,"루티스"
230682,"루미르"
230849,"루맥스"
231974,"루픽스"
232585,"루아레"
233442,"루가노"
233536,"루아보"
234143,"루아프"
236491,"루시다"
237588,"루토사"
238152,"루메나"
239841,"루끼아"
240737,"루아모"
242430,"루에고"
242489,"루시앙"
242973,"루체테"
244637,"루트원"
244673,"루크룸"
244874,"루미드"
245749,"루시펫"
248218,"루프트"
249319,"루베크"
250377,"루나컵"
251896,"루나앤"
252015,"루바부"
252103,"루씨쏜"
252437,"루카닉"
252736,"루피움"
253608,"루다벨"
253859,"루이벨"
255706,"루이핏"
255946,"루퍼스"
257250,"루시모"
257937,"루나랩"
258619,"루웍스"
258648,"루투스"
258738,"루헤로"
258924,"루티나"
259541,"루베티"
259716,"루이초"
260001,"루프텐"
260721,"루런트"
322764,"루야스"
422764,"루프덱"
510364,"루먼즈"
537864,"루시룸"
581296,"루무드"
647096,"루니덕"
647796,"루브립"
661396,"루트인"
728196,"루이공"
748096,"루시도"
774396,"루나벨"
859996,"루나폴"
870996,"루덴스"
889996,"루아코"
971496,"루돌프"
1038396,"루바토"
1153397,"루시피"
1201596,"루에다"
1264165,"루즌아"
1492996,"루니코"
1520696,"루아페"
1546899,"루리움"
1554696,"루니스"
1555396,"루크타"
1564796,"루미안"
1630928,"루오딘"
1648330,"루브셀"
1661028,"루넥스"
1748160,"루블린"
1755260,"루플로"
1761760,"루베른"
1811196,"루시스"
1822492,"루아셀"
1894892,"루루벨"
1921092,"루루아"
2022092,"루어캣"
2123392,"루엔느"
2158192,"루틴업"
2158692,"루니트"
2303192,"루비락"
2361592,"루오라"
2537792,"루리코"
2545492,"루피지"
2632692,"루피나"
2645192,"루브만"
2670092,"루프팬"
2673492,"루브엘"
2680992,"루미온"
2706492,"루플리"
2709692,"루키드"
2818692,"루비디"
3012392,"루미덤"
3073192,"루쿠스"
3140993,"루킨스"
3197092,"루레브"
3346492,"루시퍼"
3378392,"루하루"
3424092,"루커스"
3432692,"루메즈"
3568292,"루아피"
3691692,"루페스"
3742193,"루나룸"
3755892,"루시트"
3789992,"루디크"
3792692,"루바티"
3803292,"루온토"
4008792,"루이츄"
4067792,"루모스"
4091092,"루비랩"
4159892,"루비아"
4203192,"루미스"
4231592,"루아베"
4294892,"루베닉"
4308392,"루오드"
4442991,"루오네"
4456991,"루비얌"
4533591,"루아멍"
4569791,"루아렌"
4576291,"루나인"
4667991,"루루안"
4692791,"루비핏"
4708091,"루테카"
4713691,"루미셀"
4714491,"루니엘"
4715191,"루티오"
4740991,"루미움"
4746791,"루스타"
4827491,"루크문"
4866992,"루어팍"
4884391,"루메토"
4902391,"루비콘"
4928791,"루룩스"
11468,"루이 비통"
138746,"르샤"
134535,"로벤타"
253095,"뤼에르"
137766,"RUSH"
218229,"LUDE"
232622,"RUHM"
250315,"LOOP"
2200892,"LUAZ"
32226,"RUBIS"
111904,"LUCIA"
147345,"LOOKA"
175885,"LUSSO"
209941,"LUNOR"
247964,"LUCIR"
4075892,"RYUGI"
31222,"LUELLA"
197462,"LOOKIT"
4404092,"LVYUAN"
268400,"ROOMEYE"
3068292,"LOUELLY"
259825,"ROOMECAR"
12700,"시암"
16492,"시저"
24630,"시젠"
28484,"시마"
35239,"시니"
100149,"시너"
100364,"시셀"
102300,"시산"
107205,"시걸"
142583,"시쿠"
146590,"시나"
175148,"시퀄"
178846,"시워"
182821,"시켐"
188766,"시콘"
200425,"시키"
205955,"시노"
209945,"시와"
212864,"시드"
244246,"시호"
244867,"시하"
256583,"시가"
257014,"시수"
855297,"시눈"
1173198,"시골"
1264457,"시현"
1264553,"시우"
1784760,"시밝"
1857292,"시토"
2105392,"시캡"
2157292,"시초"
2979292,"시효"
3090292,"시샘"
3341592,"시후"
3383193,"시낭"
3478292,"시홈"
4264793,"시잽"
4269892,"시카"
4375091,"시도"
4433291,"시온"
4749191,"시즘"
702,"시맥스"
703,"시마노"
12451,"시모아"
12685,"시나노"
12688,"시몬스"
12696,"시스템"
12697,"시슬리"
23398,"시카이"
29639,"시티즌"
29642,"시트론"
34926,"시모어"
36803,"시드물"
100520,"시루이"
100542,"시그마"
138209,"시니프"
138734,"시더스"
138758,"시노마"
140282,"시밀레"
144529,"시그넷"
145097,"시미쯔"
145394,"시트람"
146395,"시디즈"
149476,"시라스"
150144,"시골원"
150768,"시너지"
150880,"시큐업"
153540,"시세이"
175206,"시뮬라"
175209,"시리즈"
176350,"시크론"
176708,"시드넷"
177689,"시네백"
179336,"시에노"
179642,"시노비"
184697,"시놀라"
186532,"시에로"
186753,"시스람"
195953,"시키임"
198525,"시아떼"
199656,"시블링"
200928,"시노부"
201369,"시아크"
201564,"시마론"
210153,"시리오"
210679,"시가노"
211005,"시스코"
214491,"시트램"
218224,"시예로"
230948,"시루원"
232769,"시코르"
234199,"시바타"
234736,"시너직"
236961,"시카고"
237957,"시메오"
239378,"시소닉"
240595,"시가야"
241458,"시아스"
245169,"시네소"
245378,"시로탄"
246829,"시크룩"
247099,"시어드"
247667,"시오뉴"
247711,"시노테"
249579,"시네빔"
251560,"시글러"
255383,"시닉스"
258121,"시혜진"
259001,"시한수"
294000,"시바랩"
480964,"시티브"
483064,"시안샵"
501064,"시타델"
567296,"시다스"
585497,"시바산"
682296,"시오나"
695396,"시트텍"
848796,"시벅스"
863296,"시예누"
875396,"시라파"
880696,"시너스"
963396,"시프트"
1078696,"시멘토"
1161596,"시트캅"
1255848,"시정곤"
1262606,"시진핑"
1286796,"시터스"
1384996,"시민K"
1572597,"시골남"
1781060,"시노팬"
1796961,"시내암"
1839292,"시퀀스"
1845792,"시카솔"
2007292,"시야쥬"
2029093,"시카티"
2049492,"시노베"
2097693,"시메스"
2111992,"시니멀"
2146392,"시타드"
2357492,"시슬립"
2382892,"시모다"
2603792,"시밀러"
2665192,"시치미"
2799093,"시엔느"
2799892,"시글락"
2927992,"시브가"
2944592,"시소몰"
3045592,"시랜드"
3082592,"시에나"
3165392,"시스마"
3179692,"시스티"
3204392,"시즈넬"
3208492,"시원애"
3232292,"시드로"
3328093,"시오타"
3336592,"시큐라"
3384992,"시오르"
3388692,"시믄숲"
3444292,"시투안"
3529992,"시은소"
3546092,"시미즈"
3630892,"시티팜"
3638592,"시큐릿"
3677192,"시트루"
3682192,"시트N"
3769292,"시우트"
3783592,"시포스"
4016292,"시사오"
4070392,"시노브"
4183892,"시에가"
4215592,"시어스"
4537191,"시머스"
4569491,"시올리"
4719692,"시아랩"
4841091,"시티르"
4870591,"시나본"
4901891,"시너진"
4904091,"시그넬"
1786460,"시크앤코"
32401,"씨위"
139620,"CS"
209480,"씨포"
217944,"씨쏘"
248157,"씨엠"
1262581,"계피"
18907,"쉐보레"
157115,"씨스컴"
176773,"CMT"
182256,"씨유순"
198483,"씨폴리"
200361,"씨비스"
202065,"씨버거"
222336,"CP-1"
605996,"씨트리"
1644828,"CGV"
213247,"SIDI"
255171,"CHIC"
2892092,"CONE"
4554491,"CICO"
4558891,"SHIRO"
136007,"SECRET"
443,"이팜"
454,"이롬"
13651,"이뎀"
13703,"이작"
13704,"이즘"
13717,"이튠"
20569,"이언"
24297,"이솝"
24706,"이룸"
27594,"이디"
33409,"이글"
35272,"이채"
36419,"이레"
105903,"이쪼"
111503,"이솔"
142114,"이투"
146159,"이셀"
147335,"이튼"
147474,"이만"
148319,"이켈"
150913,"이홈"
155995,"이체"
156734,"이쎄"
157114,"이널"
178273,"이연"
181254,"이치"
183161,"이퓨"
186877,"이도"
187092,"이독"
189644,"이쯔"
196294,"이큐"
202773,"이누"
208136,"이톰"
208866,"이헬"
209418,"이땅"
209851,"이슨"
210909,"이츠"
210996,"이놉"
215437,"이모"
219567,"이킴"
222027,"이든"
222288,"이빔"
222450,"이부"
230947,"이플"
237270,"이돕"
241584,"이몽"
241788,"이픽"
242768,"이명"
242781,"이톨"
242782,"이학"
243171,"이생"
243541,"이흙"
243638,"이송"
244710,"이봉"
245627,"이올"
250469,"이선"
250518,"이담"
252414,"이일"
253133,"이게"
253142,"이안"
255478,"이공"
255854,"이놀"
256125,"이현"
257049,"이키"
257240,"이정"
257280,"이륜"
258054,"이잼"
259524,"이륙"
259768,"이닥"
260461,"이케"
279600,"이호"
648896,"이희"
671296,"이내"
779096,"이숲"
818396,"이휴"
842796,"이젠"
851196,"이크"
1077596,"이소"
1109999,"이강"
1208596,"이드"
1241217,"이백"
1241787,"이상"
1242178,"이영"
1242537,"이근"
1242576,"이전"
1242946,"이청"
1242949,"이빈"
1243009,"이참"
1243353,"이황"
1243355,"이지"
1243711,"이수"
1244153,"이붕"
1244278,"이이"
1244495,"이찬"
1245751,"이성"
1246266,"이용"
1246503,"이한"
1247798,"이은"
1247857,"이다"
1248538,"이범"
1249049,"이경"
1249669,"이원"
1251875,"이철"
1252360,"이환"
1252913,"이적"
1253442,"이인"
1254202,"이완"
1255071,"이천"
1255920,"이준"
1256560,"이홍"
1257646,"이훈"
1258043,"이얼"
1258275,"이린"
1258439,"이란"
1258909,"이후"
1259770,"이향"
1260799,"이건"
1261186,"이랑"
1261948,"이헌"
1263315,"이본"
1263826,"이우"
1264182,"이혜"
1264638,"이탄"
1264645,"이특"
1509796,"이캣"
1531596,"이썬"
1629828,"이머"
1772161,"이흠"
2175492,"이피"
2200692,"이야"
2415892,"이브"
2435792,"이아"
2585992,"이램"
2594292,"이탈"
2940392,"이쿡"
3155992,"이폿"
4157892,"이탑"
4428891,"이븐"
4628591,"이눔"
4671091,"이프"
4715691,"이옴"
444,"이케아"
445,"이지오"
447,"이와킴"
448,"이엘씨"
450,"이사나"
1431,"이니찌"
13629,"이건만"
13637,"이나바"
13639,"이너프"
13647,"이녹사"
13655,"이디안"
13656,"이디엄"
13660,"이롤러"
13663,"이모션"
13668,"이볼브"
13675,"이비치"
13676,"이사벨"
13678,"이상봉"
13684,"이스턴"
13685,"이스트"
13688,"이신우"
13689,"이에스"
13701,"이은주"
13715,"이딸라"
13720,"이헌영"
16099,"이지쿡"
23019,"이아소"
24969,"이마니"
25996,"이바나"
26294,"이영희"
26877,"이노랙"
28755,"이브셀"
28866,"이글루"
30002,"이벡스"
30594,"이산티"
33934,"이푸사"
35046,"이기리"
35974,"이미딘"
37443,"이제이"
38215,"이너스"
38236,"이지카"
38497,"이벌브"
38569,"이지고"
109012,"이지듀"
113401,"이즈미"
113809,"이츠미"
117725,"이와츄"
117940,"이라움"
122770,"이라클"
123309,"이고진"
123908,"이마트"
123944,"이쿠아"
124327,"이콜랩"
125018,"이마주"
131708,"이지락"
131846,"이넥토"
134053,"이지캠"
136406,"이이다"
136686,"이노썸"
136847,"이지템"
137896,"이오믹"
138234,"이큐브"
139363,"이브홈"
139422,"이즈칸"
140698,"이노바"
141082,"이츠웰"
141717,"이문원"
141752,"이벤져"
143538,"이솔리"
145983,"이코노"
148435,"이크린"
149510,"이소품"
149887,"이지요"
150142,"이기남"
151065,"이토엔"
152113,"이글원"
154820,"이탈젯"
157052,"이젤리"
157118,"이누스"
158131,"이수카"
158150,"이앤오"
158276,"이자와"
158910,"이레빛"
175672,"이노젠"
176705,"이바돔"
176834,"이너지"
177771,"이나인"
178014,"이지콘"
178090,"이지컴"
178739,"이치카"
179129,"이젠벅"
180013,"이본느"
180172,"이쁘네"
180237,"이스타"
180569,"이글택"
182328,"이란지"
182506,"이브앤"
183437,"이브롬"
183569,"이누보"
183783,"이니카"
184021,"이녹스"
184909,"이와키"
184982,"이리셋"
185852,"이어맥"
186350,"이바인"
188711,"이치반"
189804,"이로페"
189905,"이모가"
196471,"이소닉"
199648,"이빌리"
201146,"이즈릴"
201278,"이에나"
201774,"이킹인"
202776,"이샥티"
203869,"이키즈"
204077,"이와스"
204695,"이나프"
204755,"이리듐"
204759,"이로진"
205042,"이티스"
205931,"이고르"
206473,"이금기"
206669,"이렌지"
206755,"이너비"
207487,"이루카"
207620,"이브라"
208126,"이브수"
208559,"이지몽"
208847,"이사스"
208857,"이스딘"
209202,"이블트"
209222,"이천사"
209508,"이엠텍"
210182,"이요브"
210340,"이메이"
210534,"이타리"
211164,"이데카"
211284,"이켄트"
211301,"이메텍"
212144,"이로하"
212672,"이맥스"
213895,"이파람"
214482,"이리스"
215624,"이노킴"
216248,"이너감"
217077,"이바이"
217541,"이루리"
219253,"이베트"
221962,"이투포"
222816,"이동수"
222870,"이엠팜"
223332,"이씨엠"
224104,"이프네"
224207,"이모지"
225699,"이지두"
227682,"이지삭"
228004,"이노랩"
228556,"이어린"
228713,"이연복"
229090,"이즈립"
229165,"이누잇"
229201,"이지핏"
230534,"이비채"
230626,"이바바"
231513,"이노스"
231655,"이든맘"
232442,"이거닭"
232523,"이룸앤"
232731,"이모이"
233525,"이피다"
234134,"이지튠"
234687,"이키루"
234917,"이포유"
235314,"이담채"
235671,"이스팀"
235840,"이다노"
236182,"이노드"
236454,"이너셋"
236672,"이지셩"
236735,"이푸로"
236804,"이탈리"
237155,"이더블"
237371,"이치란"
238074,"이즈솝"
238174,"이젠쿡"
238887,"이춘복"
239329,"이블랑"
239797,"이오맘"
239873,"이지독"
240312,"이호토"
241104,"이뮤랩"
241940,"이고웰"
242421,"이리온"
242715,"이스비"
242723,"이트웰"
242765,"이경현"
242766,"이다빈"
242767,"이두한"
242769,"이목을"
242770,"이민호"
242771,"이시원"
242772,"이애리"
242773,"이용기"
242774,"이은종"
242775,"이은지"
242776,"이은희"
242777,"이인영"
242778,"이진희"
242779,"이찬우"
242780,"이창숙"
242783,"이해강"
242784,"이흘기"
242844,"이동엽"
242856,"이수애"
242857,"이예림"
242858,"이장옥"
242861,"이창호"
242913,"이대희"
242914,"이돈아"
242916,"이보형"
242918,"이승현"
242920,"이월례"
242921,"이현열"
242949,"이경애"
242951,"이경훈"
242952,"이경희"
242953,"이다희"
242954,"이상선"
242957,"이상훈"
242961,"이성근"
242964,"이세화"
242965,"이유미"
242966,"이유정"
243115,"이수연"
243146,"이은경"
243147,"이호영"
243154,"이영애"
243155,"이해은"
243172,"이채연"
243185,"이인옥"
243188,"이정웅"
243191,"이진모"
243195,"이수동"
243196,"이청자"
243200,"이효주"
243213,"이강진"
243220,"이민혜"
243222,"이동욱"
243223,"이선영"
243224,"이영지"
243231,"이동현"
243232,"이미주"
243233,"이보윤"
243235,"이상하"
243236,"이선미"
243237,"이선현"
243256,"이주이"
243258,"이지은"
243286,"이재원"
243287,"이지연"
243290,"이승원"
243293,"이정원"
243295,"이혜미"
243376,"이나진"
243377,"이다혜"
243378,"이사라"
243379,"이석주"
243380,"이윤정"
243381,"이정현"
243383,"이종한"
243384,"이중섭"
243385,"이혜영"
243387,"이화진"
243422,"이기철"
243536,"이대원"
243537,"이수미"
243539,"이아영"
243540,"이은범"
243681,"이영수"
243682,"이익재"
243684,"이준호"
243705,"이규원"
243706,"이상호"
243707,"이서현"
243708,"이예선"
243709,"이왈종"
243710,"이정아"
244141,"이츠독"
244906,"이퓨쳐"
245048,"이지휠"
245314,"이프잇"
245559,"이홍한"
245567,"이혜형"
245568,"이혜성"
245569,"이현경"
245578,"이향연"
245583,"이하진"
245585,"이창효"
245588,"이진이"
245590,"이진솔"
245594,"이지훈"
245595,"이정희"
245596,"이정은"
245597,"이재선"
245598,"이재림"
245599,"이은정"
245600,"이은비"
245601,"이유진"
245602,"이유경"
245623,"이우현"
245625,"이용제"
245629,"이영후"
245632,"이영호"
245638,"이영은"
245640,"이영선"
245644,"이엘리"
245648,"이슬기"
245649,"이소영"
245653,"이선경"
245655,"이서인"
245656,"이상협"
245658,"이상원"
245659,"이상엽"
245662,"이부강"
245664,"이동주"
245665,"이다원"
245666,"이누엣"
246130,"이문희"
246231,"이퓨펫"
246756,"이디고"
247377,"이화주"
248407,"이누이"
248545,"이준원"
248562,"이은황"
248569,"이순미"
248618,"이강노"
248627,"이정용"
248628,"이영아"
248638,"이혜용"
248649,"이가온"
248651,"이명수"
248652,"이숙희"
248653,"이근택"
248659,"이인숙"
248660,"이슴슴"
248674,"이계원"
248707,"이지혜"
248752,"이우환"
248755,"이숙자"
248761,"이강윤"
248766,"이상희"
248781,"이용은"
248792,"이상민"
248795,"이상의"
250253,"이나블"
250255,"이타카"
250557,"이누쥰"
251110,"이지캔"
251155,"이노쿡"
1017096,"JK"
1264588,"JC"
4607091,"JB"
13875,"JET"
13899,"JOY"
15035,"JBL"
36837,"JNH"
137540,"JVR"
138220,"JJC"
176565,"JCC"
179154,"JMW"
198546,"JDY"
200212,"JFK"
201188,"J BE"
202175,"JFC"
234801,"JWC"
240449,"JDL"
251997,"J34"
253534,"JOW"
255562,"JHP"
258176,"JUN"
1258759,"JYJ"
2025592,"JUT"
3116192,"JTC"
3443492,"JRL"
4470691,"JBS"
222202,"JJ.QUEEN"
26936,"잼"
2542192,"쥬"
1730360,"쟈스"
2355892,"주오"
13858,"제이로"
13864,"제이엠"
183725,"제이폴"
188821,"제이온"
241018,"제이쿡"
278301,"제이코"
1407,"제이앤비"
27535,"제이앤씨"
38424,"제이앤디"
137764,"제이티알"
141713,"제이엑스"
143173,"제이씨비"
146148,"제이앤유"
150787,"제이피엠"
186323,"제이월드"
223183,"제이나인"
231051,"제이엠비"
716096,"제이엘유"
909296,"제이티오"
1040596,"제이씨엘"
1217496,"제이투엠"
1341596,"제이앤코"
1707028,"제이루틴"
2889092,"제이씨지"
3028992,"제이엠지"
4790291,"제이바이"
4905391,"제이제이"
100363,"제이더블유"
117211,"제이에스티"
118912,"제이브이씨"
150576,"제이디엑스"
175498,"제이티에스"
200187,"제이이제이"
208161,"제이에스비"
249946,"제이비제이"
251351,"제이앤케이"
259496,"제이엔엔투"
1489696,"제이엑스알"
2252392,"제이앤브이 "
3374992,"제이앤에프"
4513191,"제이씨에프"
178776,"조이앤마리오"
2738392,"제이더블유오"
3812692,"제이더블유엘"
306,"K2"
202015,"KJ"
227246,"KZ"
254350,"K&N"
2714292,"KM"
14098,"KAI"
21207,"KRK"
125034,"KSP"
133461,"KGS"
176586,"KON"
184592,"KFA²"
196969,"KBM"
210919,"KWB"
213415,"KOY"
215495,"K1X"
223467,"KFC"
232265,"KCE"
236161,"KCC"
236788,"KUB"
242154,"KXG"
246833,"KYE"
247944,"KBO"
251561,"KKC"
255356,"KJH"
1048596,"KU:S"
1259534,"Key"
2229092,"KCP"
3330592,"KIN"
3540792,"KOA"
4079992,"KZM"
4090092,"KGM"
3289692,"쿠"
3768592,"쿄"
1290,"기아"
30946,"키트"
100321,"카오"
123027,"케프"
215247,"쿠메"
216108,"까에"
645796,"커프"
3703892,"키우"
20081,"군제화"
142155,"케이원"
225548,"케이휠"
225625,"케이안"
2562092,"케이솝"
14180,"케이엔비"
142397,"케이엠알"
151491,"케이비씨"
200096,"케이티지"
200955,"케이아이"
213671,"케이티씨"
867596,"케이지투"
1289997,"케이에이"
4239792,"케이엔드"
4507291,"케이블랑"
4684991,"케이링고"
4775791,"케이미트"
4906191,"케이쓰리"
14182,"케이제이씨"
30988,"케이더블유"
34111,"케이엠에스"
136667,"케이티에스"
141118,"케이앤에스"
145188,"케이티앤씨"
200957,"케이에프지"
246270,"케이아이디"
253308,"케이디와이"
256973,"케이에이치"
260574,"케이에프티"
1133996,"케이와이엠"
2794892,"케이엔제트"
1538196,"케이엔에이치"
1626928,"케이티더블유"
2723092,"케이에이치알"
14179,"케이에이치에스"
199464,"ONE"
210320,"17차"
216374,"174"
247595,"1am"
256782,"1.3.9"
1939892,"100%"
4061192,"19도"
233596,"121도씨"
232193,"원잇"
126104,"텐나인"
234678,"일온스"
240292,"십일홍"
259369,"일센치"
890196,"원알엠"
2036592,"일초픽"
2995692,"원케이"
222356,"원에이원"
2644592,"원에이비"
4031892,"일프로연산"
255431,"2.3___"
1464,"2ME"
201527,"2스타"
202176,"28.5"
232376,"2D4"
235198,"28탁"
245628,"221"
256795,"2XB"
259408,"220"
1178696,"236:)"
1259028,"2PM"
1261295,"232"
2083592,"247"
3454392,"2N2"
3559792,"-23.5"
1375396,"22도씨"
1424496,"투위"
4401991,"투라"
247173,"투케이"
373664,"이삼공"
2947092,"투포디"
234720,"투비엑스"
257580,"투에이엔"
257796,"투에이비"
1818893,"투더블유"
3231292,"투비쓰리"
250911,"투타임즈유"
2809692,"이십칠와이"
3520292,"이십일점일도씨"
474,"디즈니"
186520,"디즈니골프"
2468092,"디즈니픽사"
11202,"디즈니베이비"
29908,"디즈니꾸뛰르"
255010,"디즈니프린세스"
1247977,"월트 디즈니"
33026,"빈티지디즈니"
